x0,y0,x1,y1,x2,y2,x3,y3
103.30,5.80,159.60,155.80,179.90,16.40,86.70,152.30
78.60,1.50,156.40,122.40,147.50,1.20,92.50,129.80
103.70,8.10,170.40,128.10,171.10,6.00,110.40,130.70
114.00,24.80,177.80,139.50,177.70,22.40,119.50,141.40
133.00,48.10,199.80,159.60,194.80,43.80,140.40,161.20
150.70,66.60,216.50,177.90,212.70,62.90,158.10,180.60
165.40,76.70,240.10,188.80,229.80,69.40,179.40,194.80
165.20,70.90,239.60,183.10,229.40,63.80,179.00,189.10
167.20,78.70,240.90,185.70,229.10,70.60,182.40,192.50
154.60,75.30,217.20,184.90,215.20,72.60,160.10,186.60
144.30,80.30,203.30,188.60,203.50,78.80,147.40,189.20
152.60,89.00,209.70,199.40,212.30,88.80,153.40,198.80
163.90,75.60,224.80,187.30,225.00,74.10,167.10,187.90
174.30,71.40,235.60,187.90,237.50,70.80,176.10,187.70
173.70,74.40,233.60,190.50,236.40,74.20,174.50,189.90
174.40,77.10,235.00,193.00,237.30,76.60,175.80,192.60
150.70,60.70,217.20,164.90,209.90,55.00,159.90,167.20
74.80,57.50,135.30,161.10,131.80,56.50,80.40,166.00
99.40,60.50,157.10,164.80,154.60,59.30,102.50,166.70
132.10,71.40,191.20,174.10,188.00,69.60,137.10,177.10
166.10,73.60,229.80,181.90,225.40,71.20,172.40,185.60
152.90,72.30,216.60,174.60,209.60,67.90,160.10,174.10
154.60,71.80,213.90,171.20,208.70,69.30,159.80,170.80
150.90,77.60,209.30,172.60,203.10,73.10,157.30,173.60
151.90,77.60,210.50,172.60,203.90,73.30,158.60,173.50
159.90,74.60,220.40,170.40,213.00,70.10,167.60,171.40
155.30,77.80,215.60,173.60,208.10,73.80,163.30,173.80
152.20,77.40,209.00,174.70,205.10,74.80,156.20,174.30
150.90,81.30,208.80,177.30,203.40,78.00,156.80,177.60
151.80,82.60,208.50,180.00,204.60,80.00,156.20,179.60
153.50,82.10,210.80,179.30,206.40,79.30,158.40,179.10
131.90,84.40,186.40,179.30,183.30,82.30,135.60,178.60
96.60,83.30,150.90,176.40,147.10,80.80,100.80,176.10
92.30,82.40,144.30,175.60,142.30,80.90,94.80,174.30
99.90,77.40,153.40,172.40,150.20,75.60,103.30,173.90
111.90,74.80,166.50,170.30,162.40,73.30,116.40,171.80
148.10,68.70,205.50,166.60,201.50,65.40,153.50,166.20
147.30,67.60,205.60,166.30,201.30,64.30,152.50,165.90
149.90,74.40,207.50,173.50,203.60,71.20,154.60,172.80
157.10,78.20,214.90,178.20,211.40,75.60,161.60,177.90
161.10,78.90,220.50,178.80,215.60,75.60,166.90,179.20
159.50,82.30,218.90,181.00,213.60,78.60,165.80,181.70
120.70,49.40,181.10,139.40,172.90,43.20,132.10,144.30
119.40,49.00,177.70,142.30,171.60,44.10,128.40,145.80
128.80,60.30,186.80,155.30,181.20,56.40,136.40,157.40
136.10,65.10,193.60,162.40,188.60,62.80,142.50,163.50
154.50,80.60,214.00,177.30,207.90,76.60,162.40,179.30
156.60,79.70,216.40,177.40,210.40,75.80,164.30,179.40
159.30,78.00,218.10,178.00,213.90,74.90,165.30,179.10
160.90,80.50,218.40,180.20,215.10,77.90,165.90,180.80
159.90,79.40,219.40,177.90,214.10,75.70,167.00,179.60
161.60,80.80,220.10,180.60,216.10,77.80,167.40,181.60
162.30,80.80,221.40,180.90,217.00,77.70,168.40,182.10
161.90,81.10,220.80,181.00,216.60,78.10,167.90,182.10
161.80,81.10,220.40,180.60,216.10,77.90,167.90,181.70
161.10,80.90,219.10,181.40,215.80,78.40,166.30,182.10
161.10,81.20,220.90,181.00,215.90,77.80,167.90,182.40
161.20,81.70,220.10,181.30,215.70,78.60,167.40,182.50
160.40,81.60,218.90,181.90,215.10,78.80,166.00,182.80
159.80,80.90,218.50,180.20,214.10,77.80,165.90,181.30
158.20,81.30,216.70,180.30,212.30,78.20,164.30,181.40
157.80,80.40,216.50,179.10,211.90,77.10,164.30,180.30
159.10,79.60,218.30,179.30,213.60,76.40,165.50,180.60
158.60,79.40,219.40,177.00,212.60,75.00,167.10,179.40
158.20,78.60,217.60,177.40,212.40,75.00,165.10,178.90
157.10,80.10,214.50,179.40,211.10,77.40,162.30,180.10
155.60,78.90,213.20,177.80,209.40,76.10,161.00,178.60
155.90,78.90,213.60,178.10,209.90,76.30,161.30,178.90
156.30,79.00,214.40,177.60,210.20,75.90,162.30,178.80
156.50,79.30,214.80,177.90,210.40,76.20,162.60,179.10
157.00,79.60,215.50,178.70,211.30,76.50,163.10,179.80
157.80,79.10,217.10,178.20,212.10,75.70,164.50,179.60
157.80,79.60,216.20,178.70,211.90,76.60,163.80,179.80
157.80,79.40,217.20,178.40,212.10,75.90,164.60,179.90
158.30,79.30,218.40,177.80,212.60,75.40,165.90,179.70
158.70,78.80,217.80,177.90,213.00,75.40,165.20,179.20
158.30,79.40,217.50,177.90,212.40,75.90,165.10,179.50
158.20,79.30,217.60,178.10,212.50,75.70,165.10,179.60
147.10,77.00,205.30,174.50,200.40,74.00,152.50,174.60
95.90,82.30,149.10,177.40,147.30,80.50,99.40,177.30
64.70,79.50,120.90,179.10,118.60,77.50,68.80,179.20
56.00,80.40,111.40,182.60,110.80,79.30,58.50,181.80
52.20,82.50,108.40,185.80,107.60,81.30,54.90,185.00
52.10,82.60,108.90,185.70,107.60,81.10,55.30,185.20
47.90,82.50,108.30,183.70,103.40,79.10,54.60,185.10
46.30,82.10,105.10,186.20,102.60,80.00,50.60,186.30
44.30,82.20,104.80,185.40,100.60,79.20,50.30,186.40
42.40,83.80,101.40,187.90,98.90,81.60,46.90,188.10
45.10,85.70,103.70,189.30,101.10,83.50,49.40,189.40
48.50,84.90,106.50,187.60,104.10,82.80,52.80,187.80
44.00,86.10,104.30,189.30,100.30,83.10,49.90,190.20
43.30,86.30,104.20,189.20,99.60,83.00,49.70,190.40
43.60,86.30,104.10,189.50,99.90,83.30,49.60,190.50
42.60,86.90,102.80,190.60,99.10,84.10,48.20,191.40
42.50,88.80,103.10,191.80,98.80,85.60,48.70,192.80
42.10,89.00,102.90,191.70,98.30,85.80,48.50,192.90
42.70,88.70,102.80,191.90,98.90,85.80,48.40,192.80
43.70,87.30,103.90,190.40,99.90,84.30,49.60,191.30
43.80,87.60,103.60,190.90,100.00,84.80,49.20,191.60
42.40,87.80,101.30,192.10,98.80,85.70,46.70,192.20
42.60,87.60,102.40,191.30,99.00,84.90,47.80,191.90
43.50,87.90,103.60,190.90,99.60,85.00,49.20,191.80
43.00,87.90,103.10,191.30,99.30,85.10,48.60,192.10
43.40,88.30,103.40,191.10,99.50,85.30,49.20,192.00
43.20,87.90,103.20,191.30,99.50,85.10,48.70,192.10
42.30,88.90,101.80,192.90,98.80,86.40,47.30,193.30
43.30,87.70,103.70,190.90,99.60,84.70,49.20,191.90
43.60,87.60,103.40,191.10,99.90,84.90,49.00,191.80
43.80,87.50,104.40,190.70,100.10,84.40,49.90,191.80
43.60,86.90,103.60,190.40,99.90,84.20,49.10,191.20
43.40,87.00,103.30,190.80,99.90,84.30,48.80,191.40
43.80,87.60,103.70,191.30,100.20,84.90,49.20,191.90
43.60,86.50,103.70,189.30,99.60,83.60,49.40,190.30
44.40,87.30,104.90,190.20,100.60,84.30,50.50,191.20
43.00,87.90,103.90,191.30,99.50,84.80,49.30,192.40
42.80,87.80,103.90,191.20,99.30,84.50,49.10,192.40
43.40,87.40,103.70,190.90,99.80,84.50,49.20,191.80
43.80,85.40,105.00,188.10,100.10,82.00,50.60,189.50
39.60,51.90,103.90,151.90,98.20,50.40,49.40,157.90
32.70,14.50,102.50,119.90,94.30,13.90,46.90,126.10
36.50,4.60,106.20,112.00,98.50,3.80,51.40,117.50
33.40,10.20,103.50,117.40,95.40,8.70,48.10,123.30
31.90,9.40,103.10,116.20,94.40,7.90,47.80,122.70
30.60,12.40,101.00,119.40,93.20,12.10,45.20,125.80
28.90,11.90,100.10,119.00,91.50,10.70,44.40,125.30
29.60,11.60,100.40,118.50,92.10,10.00,44.80,125.10
29.30,9.10,100.60,116.60,92.20,7.60,44.90,122.60
28.80,8.60,99.90,116.10,92.00,7.70,43.90,122.20
29.60,9.10,100.00,116.40,92.50,8.30,44.30,122.40
30.10,9.00,99.40,117.50,93.10,9.00,43.40,122.50
29.20,7.80,98.80,116.60,92.10,7.90,42.70,122.30
26.10,8.80,97.40,116.80,89.30,8.60,41.40,123.00
26.80,9.30,97.80,117.70,89.90,8.90,41.60,123.50
26.40,10.10,97.80,118.10,89.50,9.60,41.60,124.10
27.00,10.60,98.20,118.60,90.10,9.60,41.90,124.30
27.20,8.10,98.40,117.60,90.60,9.30,42.30,123.60
27.90,9.30,98.60,117.90,91.00,9.20,42.50,123.60
29.40,11.90,98.60,120.10,92.10,11.90,42.30,125.60
30.10,10.00,100.30,117.30,93.00,9.10,44.50,123.10
31.40,8.60,101.40,116.70,94.10,8.10,45.90,122.30
32.40,6.30,102.90,114.30,95.30,5.60,47.30,120.00
32.00,5.00,102.90,113.40,94.90,3.80,47.20,119.00
32.40,5.40,103.00,113.80,95.20,4.20,47.20,119.10
33.40,5.40,102.90,114.80,96.40,5.60,47.40,120.10
31.20,5.90,101.90,114.70,94.20,5.80,46.30,120.50
30.40,6.60,101.30,114.90,93.50,6.10,45.60,120.80
29.90,6.90,101.20,114.80,93.00,6.20,45.50,120.70
30.90,6.30,101.90,114.80,94.00,5.80,46.30,120.60
30.50,6.80,101.40,115.10,93.70,6.30,45.60,120.80
30.90,6.30,101.30,115.10,94.10,6.30,45.60,120.80
29.80,7.20,99.90,115.60,93.10,7.20,43.90,121.10
29.10,7.00,99.90,115.30,92.20,6.30,43.80,120.80
29.80,6.60,100.60,114.90,93.00,6.10,44.90,120.60
30.10,6.00,100.80,114.10,93.30,5.10,44.80,120.10
29.90,6.30,100.70,114.20,93.10,5.40,44.80,120.40
30.40,6.10,101.20,114.30,93.60,5.00,45.60,120.00
55.90,4.40,122.90,111.30,116.80,3.50,69.40,115.80
114.70,9.50,176.10,113.30,173.60,4.90,123.60,116.30
140.60,2.70,201.40,108.30,202.00,0.90,147.30,109.90
142.60,4.10,204.30,110.50,203.50,0.40,149.90,111.80
148.20,4.60,211.20,110.60,210.30,0.30,155.70,112.50
149.60,4.90,211.70,110.40,211.40,0.60,156.30,112.40
149.10,5.70,211.50,111.40,210.60,1.30,156.40,113.40
149.40,5.50,212.40,110.60,211.40,0.90,156.80,112.80
149.90,5.10,212.80,110.60,211.70,0.60,157.40,112.80
150.70,4.60,213.40,109.60,212.70,0.70,157.80,111.30
150.60,4.70,214.30,109.60,212.80,0.40,158.50,111.50
151.90,4.80,215.30,110.80,214.00,1.30,159.50,112.10
150.90,7.20,214.60,108.60,212.70,1.90,159.20,111.40
150.40,7.80,214.10,111.30,212.40,3.90,158.40,112.90
152.30,5.80,216.70,111.80,213.90,2.00,160.60,113.00
153.70,5.10,218.50,110.60,215.20,0.30,162.50,112.80
150.90,7.40,214.10,110.80,212.10,3.80,158.50,112.00
151.10,10.60,213.90,111.30,212.00,5.90,158.60,113.40
152.10,7.30,214.90,114.10,213.80,1.40,159.40,115.40
152.50,6.30,215.80,111.90,214.90,1.60,159.90,113.90
152.90,5.30,216.30,111.30,215.20,0.30,160.80,113.30
153.40,4.90,217.30,111.10,215.90,0.50,161.50,112.60
152.40,5.30,216.10,111.40,215.00,0.70,160.30,113.10
150.90,6.50,214.10,112.10,213.00,0.90,158.60,114.30
150.10,6.30,212.80,112.20,211.90,1.30,157.40,113.80
150.30,6.70,212.70,112.40,212.00,1.40,157.40,114.50
150.40,6.80,212.60,112.90,211.90,1.80,157.50,114.80
150.20,6.40,212.50,112.40,211.90,1.40,157.20,114.50
149.60,6.60,212.20,112.60,211.30,0.90,156.90,114.40
149.90,7.40,212.20,113.30,211.50,1.10,156.90,114.70
149.60,6.60,211.80,112.60,211.30,0.90,156.50,114.40
150.90,6.20,212.80,111.90,213.00,0.90,157.50,113.60
153.20,6.60,215.20,113.80,215.20,0.90,159.30,114.90
151.80,5.40,213.90,111.70,213.40,1.70,158.40,112.80
151.80,5.40,213.90,111.60,213.60,0.80,158.40,113.10
151.40,5.50,213.00,111.90,213.30,1.50,157.50,112.90
151.40,5.40,213.00,111.80,213.30,1.40,157.50,112.90
152.30,6.20,213.80,113.20,214.10,1.40,158.00,114.30
151.20,4.80,212.80,111.80,213.40,1.90,157.40,112.50
151.50,5.10,212.80,111.70,213.30,1.60,157.40,112.80
151.80,4.80,213.00,111.30,213.30,1.20,157.70,112.30
151.40,4.60,212.80,111.40,213.30,2.00,157.40,111.90
151.80,5.20,213.10,111.90,213.60,1.30,157.60,112.60
151.80,4.80,212.90,111.50,213.40,0.50,157.60,112.40
130.60,21.80,191.80,125.50,189.30,16.00,138.10,127.60
104.50,46.20,165.30,147.10,160.50,42.60,112.50,150.20
99.60,44.10,161.90,144.90,155.80,40.20,109.10,148.40
98.40,44.60,161.80,144.90,154.70,40.00,108.80,149.10
99.40,44.60,162.90,144.90,155.80,40.30,110.20,149.00
100.50,43.90,164.30,144.10,156.90,39.10,111.50,148.30
94.80,45.60,159.60,144.60,151.10,39.90,107.10,149.90
95.40,43.90,159.60,143.70,151.80,39.30,107.10,148.90
96.30,44.40,160.00,144.30,152.60,39.50,107.30,149.30
97.70,44.00,161.10,143.90,154.30,39.50,108.40,148.70
97.30,44.80,160.40,145.40,153.50,40.50,107.60,149.40
97.70,44.80,160.80,144.80,154.10,40.40,108.30,149.30
98.30,43.40,161.90,144.00,154.80,39.40,108.90,148.50
99.70,41.50,163.40,142.10,156.40,37.30,110.80,146.10
99.50,43.90,163.10,144.80,156.10,39.90,110.30,148.80
100.40,45.30,162.90,145.90,157.00,41.30,110.10,150.00
99.80,43.90,162.80,144.70,156.40,40.10,109.90,148.70
99.70,44.30,162.50,145.30,156.30,40.10,109.60,148.80
99.70,44.30,162.60,144.90,156.40,39.70,109.50,149.10
100.60,43.70,163.40,144.90,157.10,39.80,110.30,148.60
100.60,44.70,163.20,145.80,157.10,40.90,110.20,149.40
99.90,44.80,162.40,145.30,156.20,40.30,109.40,149.40
99.60,45.20,162.60,145.70,155.90,40.90,109.60,149.80
100.20,44.60,162.90,144.60,156.60,40.10,110.10,149.30
100.10,44.80,162.80,145.20,156.50,40.20,110.00,149.40
99.80,44.50,162.60,145.10,156.40,40.10,109.50,149.30
100.40,44.80,163.40,145.40,156.80,40.20,110.20,149.40
100.50,45.60,163.10,146.80,156.90,41.60,110.10,150.40
100.30,45.50,163.00,145.80,156.80,41.10,110.20,150.20
100.50,45.80,163.60,146.40,156.90,41.50,110.30,150.40
100.90,45.30,163.80,145.50,157.40,41.00,111.30,150.10
101.10,45.00,163.90,145.30,157.50,41.00,111.30,149.90
100.80,45.60,163.80,145.70,157.30,41.30,110.80,150.10
100.60,45.00,163.40,146.80,156.80,40.50,110.40,149.40
100.50,45.00,163.30,145.60,156.80,40.60,110.50,149.10
101.70,50.30,163.00,148.50,156.40,45.90,111.10,152.30
100.60,48.20,159.10,142.30,153.40,44.50,109.40,145.90
100.50,49.60,154.40,138.10,149.30,46.60,107.90,140.80
103.10,53.90,152.40,137.30,148.20,51.80,109.60,139.10
102.40,54.60,150.50,134.90,146.00,52.70,109.00,137.30
103.10,53.30,150.80,132.30,146.40,51.00,109.90,135.00
107.10,55.30,154.30,132.80,149.50,52.50,113.70,135.60
107.40,59.60,152.90,134.30,148.50,56.60,113.30,136.80
107.80,59.80,152.80,133.40,148.30,57.10,113.90,136.40
108.10,60.70,152.40,134.40,148.30,58.30,113.70,136.70
131.90,66.60,175.80,142.10,172.30,64.80,136.60,143.10
145.60,79.30,191.40,154.10,185.90,76.30,151.30,154.60
147.90,81.60,194.80,156.30,188.40,78.10,154.40,157.40
150.90,87.00,197.80,162.80,191.60,84.20,157.40,163.60
151.60,85.00,198.20,160.10,192.10,79.90,157.60,160.80
150.90,83.90,197.40,159.20,191.40,80.00,157.40,160.00
150.00,83.40,195.80,158.80,190.30,79.50,155.30,159.40
147.80,82.30,193.70,157.30,188.40,79.60,153.60,158.40
148.20,82.60,194.50,157.40,188.60,79.60,154.30,158.60
148.30,82.10,194.50,157.20,188.60,79.00,154.60,158.30
148.80,82.40,195.10,156.90,189.30,78.80,154.80,158.30
148.80,82.90,195.10,157.60,189.30,79.70,154.80,158.80
148.80,82.40,195.10,157.30,189.30,78.80,154.90,158.30
148.10,82.60,194.50,157.40,188.60,79.60,154.30,158.60
148.50,82.80,194.10,158.30,188.80,80.60,153.90,158.90
148.50,82.90,193.90,158.80,188.90,80.80,153.90,159.60
148.60,82.80,194.20,158.40,189.10,80.60,153.90,159.30
148.60,82.90,194.00,158.70,189.10,80.70,153.90,159.40
149.30,82.10,194.70,157.60,189.80,80.00,154.60,157.60
148.50,82.90,193.80,159.10,188.90,80.90,153.90,159.80
149.00,83.30,194.60,158.90,189.60,80.80,154.30,159.50
149.30,82.90,194.70,158.20,189.70,80.40,154.30,158.80
149.00,82.80,194.50,158.30,189.50,80.30,154.00,158.40
149.60,83.30,195.10,159.20,190.00,80.90,154.70,159.40
148.70,82.60,194.60,157.60,189.40,79.30,154.30,158.60
148.70,82.70,194.60,158.30,189.30,79.80,154.30,158.60
148.90,82.60,194.80,158.00,189.60,79.80,154.60,158.30
149.60,82.40,195.80,157.60,190.10,79.70,155.40,158.10
149.20,82.80,195.40,157.90,189.80,80.30,155.30,158.40
147.60,82.50,193.60,157.30,187.90,79.60,153.60,158.40
122.40,85.90,165.80,160.90,162.20,84.30,126.70,162.50
93.60,88.50,138.20,162.80,133.60,86.50,98.80,166.00
69.20,87.30,114.70,162.20,110.30,85.00,74.40,166.10
61.90,86.80,108.80,161.70,103.80,84.70,68.30,166.60
68.60,84.50,115.90,159.20,109.90,82.40,75.20,164.30
68.10,87.60,115.80,161.90,109.60,84.90,75.50,166.90
63.50,89.50,111.10,164.00,105.10,87.20,70.40,169.10
62.90,89.60,110.30,164.60,104.40,87.60,69.40,169.30
62.10,89.90,109.80,164.40,103.80,86.80,69.00,169.70
61.00,90.30,108.50,164.90,102.80,87.30,67.30,170.10
60.20,89.50,107.80,164.30,102.30,86.80,66.50,169.40
60.90,89.40,108.30,164.00,102.60,86.30,67.10,169.10
61.40,89.50,108.60,163.90,103.30,86.60,67.70,169.40
60.90,90.60,108.10,165.80,102.70,87.60,67.10,170.60
60.70,88.80,108.30,163.40,102.70,86.10,67.30,168.60
61.40,88.20,108.60,163.10,103.30,85.80,67.60,168.40
62.60,87.70,109.80,162.90,104.30,85.30,68.80,167.80
63.40,87.40,110.50,162.20,105.30,85.30,69.50,167.50
64.40,87.10,112.00,161.80,106.00,85.00,71.30,166.80
65.80,87.30,113.10,160.90,107.30,83.90,72.40,166.10
65.30,86.80,113.10,160.80,107.10,83.80,72.30,166.10
66.80,85.80,114.60,160.30,108.30,82.90,74.10,165.30
68.90,85.10,116.60,159.30,110.20,82.90,76.30,164.10
69.60,85.30,117.10,159.50,111.00,82.90,76.60,164.30
69.80,84.40,117.40,158.90,111.30,82.50,77.30,163.60
70.40,83.80,117.90,158.10,111.70,81.30,77.50,163.10
70.60,83.10,118.10,157.10,112.10,80.70,77.90,161.90
70.50,83.20,117.80,157.80,111.80,81.00,77.40,162.60
70.70,84.30,117.90,159.30,112.00,82.30,77.60,163.80
70.60,84.90,117.70,159.50,111.90,82.50,77.40,164.00
71.40,84.80,118.40,159.40,112.40,82.30,77.90,164.30
70.60,84.60,117.70,159.70,112.10,82.80,77.30,164.30
71.70,84.30,118.60,159.10,112.90,82.20,78.40,163.60
71.40,83.90,118.40,158.40,112.60,81.10,77.90,162.90
71.70,84.40,118.70,158.90,113.20,81.90,78.60,163.60
71.60,84.80,118.70,159.30,113.10,82.10,78.50,163.90
71.90,84.50,118.70,159.40,113.30,82.60,78.70,163.90
71.70,83.90,118.60,158.60,112.90,81.60,78.80,163.20
71.80,84.10,118.80,159.10,113.40,82.30,78.60,163.70
71.90,84.40,119.10,159.30,113.40,82.60,78.70,163.90
69.60,84.60,116.60,160.10,111.20,83.00,76.10,164.70
67.00,86.80,114.80,161.50,108.60,83.70,74.10,166.60
64.80,86.80,112.10,161.40,106.40,84.10,71.30,166.30
64.90,87.40,112.10,162.60,106.80,85.10,71.30,167.40
65.60,88.00,112.90,162.60,107.40,85.30,71.80,167.60
65.90,87.80,112.70,162.30,107.30,85.10,72.30,167.70
65.80,87.60,112.70,162.10,107.30,84.80,71.90,166.90
66.20,86.80,113.00,162.10,107.60,84.60,72.30,167.20
66.50,86.60,113.50,161.80,107.70,84.10,72.90,166.50
66.30,87.50,112.90,162.90,107.60,85.30,72.40,167.40
66.90,86.90,113.70,162.60,108.80,84.80,73.10,167.00
66.90,81.10,114.40,155.40,108.60,78.40,73.70,160.30
59.90,39.00,109.50,114.50,103.00,37.40,69.60,118.80
64.80,29.10,113.60,106.30,107.70,27.90,73.80,109.40
66.10,31.10,114.70,107.30,109.20,29.10,75.30,110.90
65.40,32.30,113.60,109.40,108.70,30.90,73.80,113.00
64.90,36.80,113.10,113.00,107.70,34.70,73.40,116.30
61.60,35.40,110.20,112.30,104.90,33.50,70.10,115.30
62.10,34.10,110.80,111.10,105.40,32.70,70.80,115.00
61.80,36.50,110.30,113.80,105.00,35.10,70.60,116.80
59.90,38.00,108.60,114.30,103.20,36.30,68.50,118.20
60.80,33.70,110.00,110.80,104.30,32.50,69.70,113.80
59.10,33.10,108.90,110.70,102.80,31.90,68.80,114.20
58.80,33.90,108.30,111.00,102.50,32.70,67.90,114.80
57.00,35.90,105.90,113.40,100.60,34.80,65.40,116.60
59.50,33.10,108.40,110.80,103.40,32.30,67.90,114.40
59.40,34.20,107.90,112.10,103.20,33.90,67.60,115.30
59.10,34.10,107.70,111.80,102.90,33.60,67.60,115.10
58.00,33.60,106.80,111.90,101.70,33.40,66.30,115.20
58.40,33.70,106.90,111.90,102.10,33.40,66.30,115.20
58.80,34.90,106.90,112.80,102.50,34.10,66.50,116.00
57.80,34.70,106.30,112.30,101.60,34.10,65.70,115.90
58.60,33.60,107.10,111.80,102.50,33.30,66.50,115.00
59.20,33.10,107.90,111.30,102.90,33.10,67.60,114.60
59.10,34.30,107.80,111.90,102.90,33.70,67.60,115.20
59.80,34.40,108.60,111.90,103.40,33.70,68.00,115.70
60.30,33.90,109.00,111.70,104.30,33.80,68.70,115.10
60.10,32.60,108.90,110.80,104.30,31.60,68.80,114.10
60.60,33.20,109.40,111.50,104.40,32.90,69.10,114.80
62.50,33.40,111.10,111.40,106.00,32.40,71.00,114.30
63.60,32.30,112.40,110.00,107.20,30.60,72.40,112.80
63.70,32.40,112.60,109.90,107.30,30.60,72.50,112.90
64.90,32.00,113.70,109.30,108.50,30.20,73.70,112.60
64.70,28.90,114.30,106.80,108.40,27.50,74.40,110.10
66.60,28.90,115.80,106.60,110.30,27.80,75.80,110.40
67.00,28.20,116.30,105.80,110.60,26.80,76.30,108.90
67.50,28.40,116.60,106.10,111.20,26.80,76.90,109.30
67.80,28.50,116.80,105.80,111.20,26.60,77.20,109.30
68.00,27.10,117.30,104.30,111.60,26.10,77.80,108.30
69.80,26.50,119.40,103.80,113.10,24.80,79.70,107.40
73.60,26.50,122.70,103.10,116.70,24.40,83.40,106.40
127.40,20.80,175.60,96.60,169.90,16.00,136.40,99.10
156.90,13.40,203.70,91.30,201.40,7.90,163.10,93.60
151.20,21.80,197.90,99.10,195.00,16.20,157.40,100.40
147.80,28.60,194.30,105.90,191.60,24.70,153.80,108.00
144.90,31.30,190.00,108.50,188.20,27.30,150.20,110.10
144.30,34.90,188.50,112.40,187.50,32.30,148.40,113.30
147.10,32.70,189.90,110.60,190.30,29.50,150.10,111.30
147.90,29.40,191.40,108.20,191.80,26.80,151.30,109.10
148.90,29.50,192.60,108.30,192.60,27.30,152.30,109.00
148.10,29.40,191.60,107.70,191.90,26.60,151.40,108.80
147.70,30.60,191.40,109.10,191.30,28.00,151.40,110.00
148.20,31.10,191.60,109.50,191.80,28.40,151.40,110.60
147.70,29.40,191.40,108.30,191.30,27.50,151.20,109.20
147.90,30.30,191.30,108.60,191.60,28.00,151.30,109.90
147.90,30.30,191.30,108.90,191.50,28.30,150.70,109.80
147.60,29.40,191.10,108.50,191.20,27.60,150.60,108.80
148.10,30.60,191.40,108.60,191.60,27.30,151.30,109.10
149.90,30.00,193.40,107.80,193.20,26.40,152.70,108.80
148.50,30.10,192.40,108.00,192.20,26.70,152.30,109.10
148.50,31.40,192.60,109.10,191.90,27.70,152.40,110.10
148.40,31.30,192.30,109.30,191.80,27.50,151.90,109.40
148.80,30.50,192.70,108.80,192.40,27.80,152.60,109.90
148.90,29.80,192.80,108.10,192.60,27.30,152.60,109.10
149.40,33.40,192.50,110.30,192.50,29.50,152.40,110.80
148.40,30.60,192.20,109.30,191.90,27.40,151.70,109.00
149.90,32.80,192.90,108.20,193.00,26.60,152.90,111.40
150.00,29.60,193.50,107.10,193.50,25.80,153.40,108.30
149.70,29.40,193.30,106.80,193.10,25.60,153.10,107.80
150.10,28.30,194.10,106.60,193.60,25.80,153.70,107.70
131.10,41.30,175.60,118.10,173.30,39.00,135.80,119.50
111.20,55.40,156.60,130.80,152.40,53.00,117.60,132.80
112.40,56.60,157.40,131.80,153.40,53.90,118.10,134.30
108.80,59.90,154.20,135.40,150.00,58.40,114.60,138.10
107.50,58.10,153.00,133.60,148.70,55.50,113.50,136.10
107.60,57.60,153.30,133.40,148.80,55.40,113.60,135.60
108.10,59.60,153.30,135.20,149.30,57.20,113.60,137.60
107.90,58.60,153.30,134.10,149.10,57.30,113.70,136.10
107.90,58.20,153.40,133.80,149.10,57.30,114.00,135.40
107.00,58.40,152.40,133.90,148.30,55.70,112.80,135.50
106.30,57.30,151.60,132.80,147.60,55.30,112.30,135.40
106.30,57.60,151.80,133.30,147.50,55.60,112.30,135.50
106.70,57.30,151.70,132.80,148.20,55.30,112.60,135.50
106.70,57.20,151.60,132.70,148.10,55.30,112.40,135.40
106.90,56.80,152.10,132.30,148.30,54.70,112.60,134.90
106.70,56.80,151.70,132.10,147.80,54.10,112.50,134.80
106.80,56.90,151.90,132.00,148.10,54.80,112.40,134.60
107.50,57.30,152.50,132.80,148.80,55.80,113.00,135.40
107.40,56.60,152.50,131.90,148.70,54.80,113.10,134.40
108.20,56.20,153.50,131.40,149.40,53.50,114.00,133.90
110.40,54.60,155.80,130.50,151.80,52.20,116.30,132.20
108.90,54.90,154.40,130.40,150.50,54.10,114.80,132.30
108.70,55.40,154.00,130.80,150.00,53.30,114.70,132.90
108.10,56.90,152.70,132.80,149.30,54.90,113.30,135.10
108.30,56.50,153.40,131.80,149.60,54.30,113.90,134.30
109.10,57.30,154.40,133.00,150.30,55.40,114.80,135.30
109.30,57.90,154.60,133.60,150.40,55.80,114.90,136.00
109.40,58.10,154.60,133.90,150.80,55.90,115.10,136.10
109.20,58.50,154.40,134.60,150.40,56.60,114.80,136.50
108.80,55.80,154.60,131.10,149.90,52.70,115.00,133.60
107.90,54.50,152.60,129.40,148.90,52.20,113.60,132.30
106.80,58.20,151.30,131.00,146.80,55.30,112.70,134.00
109.40,56.10,150.40,128.40,148.00,55.00,113.40,129.70
109.10,60.80,147.40,128.70,145.30,59.80,112.30,129.70
108.90,58.60,145.60,123.30,143.10,58.90,112.60,125.10
112.60,61.30,147.60,122.10,145.00,59.80,116.70,123.40
121.60,66.30,156.40,124.80,153.00,64.30,125.90,126.30
122.80,64.00,156.60,121.10,153.50,62.10,126.80,122.20
121.00,66.00,154.00,122.60,151.00,64.10,124.90,124.00
122.90,68.30,155.30,123.40,152.20,66.90,126.60,124.60
125.60,70.90,157.60,124.70,154.60,69.70,129.60,126.20
139.60,94.40,170.40,150.60,168.30,94.10,141.80,150.80
137.40,82.90,170.80,137.40,166.40,80.10,141.80,138.90
140.20,79.50,174.30,133.80,169.60,77.80,145.80,135.90
142.30,86.20,176.50,140.80,171.60,83.60,147.40,142.30
143.60,84.30,178.10,139.10,172.90,82.10,149.10,140.40
144.90,83.90,180.10,137.80,174.30,81.00,151.10,140.00
146.50,82.30,181.60,136.80,176.10,79.90,152.60,138.90
147.00,82.80,182.00,136.90,176.40,79.80,152.70,139.00
144.00,83.70,179.10,138.40,173.60,81.30,150.20,140.30
141.10,88.80,175.60,143.70,170.30,86.30,146.50,144.90
141.40,88.30,176.20,142.50,170.70,86.00,147.30,144.40
142.90,86.80,177.60,141.70,172.40,84.60,148.60,143.40
143.80,86.50,178.50,141.20,173.20,84.20,149.40,143.00
143.80,86.70,178.50,141.20,173.20,84.30,149.40,143.00
144.30,88.60,178.50,142.80,173.60,85.80,149.40,144.20
144.10,86.90,179.00,142.10,173.40,84.60,149.60,143.60
144.70,88.70,179.30,143.30,174.00,86.10,149.90,144.90
144.00,89.90,178.60,144.90,173.40,87.90,149.30,146.60
144.10,91.60,178.40,146.80,173.40,89.90,149.10,148.10
145.10,89.00,179.30,144.10,174.30,86.40,150.30,145.30
145.90,88.50,179.60,143.70,175.40,85.90,150.40,144.10
146.10,86.80,180.30,141.40,175.50,84.40,151.20,142.40
146.90,85.90,180.80,140.80,176.30,83.50,151.60,141.90
147.00,85.80,181.40,140.40,176.50,83.60,151.80,141.90
146.50,86.40,180.70,140.70,175.90,83.80,151.40,141.90
146.30,86.80,180.40,142.10,175.60,84.60,151.10,143.10
145.40,87.50,179.30,143.10,175.00,85.50,150.20,144.40
144.60,88.30,178.70,143.50,174.30,85.80,149.40,144.50
144.10,87.90,178.10,143.60,173.60,86.40,149.00,144.80
143.90,88.40,177.70,143.60,173.50,86.40,148.70,144.90
143.90,88.00,177.80,143.60,173.50,86.40,148.70,144.80
137.20,88.80,170.70,145.70,166.50,88.30,141.70,147.50
113.00,91.10,146.50,145.80,142.10,88.90,117.80,147.80
91.70,90.70,125.40,146.50,121.30,89.80,96.10,149.00
81.40,90.30,114.80,145.40,111.50,89.10,85.30,148.10
80.60,88.30,114.40,143.90,110.50,86.70,84.50,146.60
76.60,91.90,110.70,147.50,106.80,90.00,80.60,150.50
81.20,90.70,115.20,145.80,111.40,89.10,85.40,148.60
85.60,89.70,119.40,146.30,115.10,89.50,89.80,149.20
82.50,90.70,116.60,146.00,112.70,89.00,87.30,148.60
81.90,91.10,116.10,146.10,112.40,89.10,86.40,149.10
82.90,91.10,116.90,146.30,112.80,89.00,87.40,149.00
84.40,90.30,118.80,145.60,114.30,88.90,88.80,148.20
84.60,89.80,118.80,144.90,114.70,87.90,89.40,147.60
84.40,90.00,118.60,145.10,114.40,88.20,89.10,148.00
84.30,91.10,118.20,146.40,114.10,89.30,88.60,149.40
85.20,90.40,119.20,145.60,115.20,88.80,89.80,148.50
86.10,90.20,120.10,144.80,115.90,87.80,90.50,147.90
85.80,89.60,119.80,145.10,115.50,87.30,90.40,147.60
85.90,89.40,119.80,145.10,115.80,87.40,90.60,147.50
85.60,89.30,119.80,145.10,115.50,87.30,90.10,147.60
86.40,89.60,120.30,145.10,116.30,87.60,90.80,147.40
87.10,89.30,121.10,144.70,116.90,87.40,91.80,147.40
87.90,89.30,121.80,144.60,117.60,87.30,92.60,147.40
87.10,89.60,121.10,145.10,116.90,87.40,91.80,147.50
86.80,89.80,120.80,145.30,116.40,88.10,91.40,148.00
86.70,89.80,120.60,145.30,116.40,88.00,91.30,147.90
86.40,89.50,120.40,145.90,116.20,88.80,90.80,148.60
85.80,89.40,120.30,145.90,115.50,88.80,90.80,148.60
85.10,91.60,119.40,146.60,115.10,89.80,89.80,149.70
85.10,91.50,119.40,146.30,115.00,89.50,89.90,149.30
85.30,90.30,119.40,146.00,115.30,89.00,89.70,148.70
85.30,89.50,119.70,146.50,115.20,89.40,90.30,149.30
86.10,91.10,120.30,145.90,115.90,88.80,90.90,148.60
80.40,64.10,115.70,119.30,111.10,62.00,86.40,121.90
79.50,54.10,115.60,110.30,110.50,52.40,86.20,113.20
81.00,52.10,117.70,107.30,112.10,49.80,88.30,110.30
80.40,52.70,117.40,108.40,111.60,50.60,87.80,111.60
78.00,52.40,114.90,108.30,109.20,50.40,85.70,111.40
74.80,54.60,111.60,110.60,106.20,52.60,81.80,113.60
77.40,56.40,114.50,112.30,108.90,54.40,84.90,115.40
82.80,54.30,119.50,109.90,113.60,51.60,90.30,112.70
78.80,54.50,115.60,110.20,110.00,52.50,86.40,113.10
78.70,54.40,115.90,109.70,110.00,52.40,86.40,113.10
78.10,54.60,115.30,110.30,109.10,52.50,85.60,113.40
78.30,54.60,115.40,110.30,109.40,52.10,85.90,113.50
78.90,54.70,115.60,110.40,110.30,52.80,86.10,113.40
79.00,55.10,115.60,110.40,110.40,53.40,86.10,113.60
80.60,54.90,117.10,110.50,111.50,52.60,87.70,113.30
81.40,54.40,118.00,110.30,112.50,51.80,88.60,113.00
81.60,54.60,118.20,110.30,112.60,52.50,88.90,113.00
81.80,54.60,118.40,110.40,112.80,52.50,89.10,113.10
82.10,54.60,118.60,110.30,113.00,51.60,89.20,112.90
82.70,55.60,118.70,111.30,113.60,53.20,89.50,113.70
83.60,55.10,119.70,110.90,114.50,52.70,90.50,113.60
85.40,53.80,121.60,109.80,116.40,51.40,92.30,112.40
81.80,54.30,118.30,110.10,112.90,52.00,88.80,112.80
79.80,54.60,116.30,110.30,110.80,52.20,86.90,113.00
79.30,54.90,116.00,110.40,110.40,52.80,86.40,113.40
79.70,54.60,116.30,110.90,110.80,52.40,86.40,113.60
78.60,55.50,114.60,111.40,109.90,53.50,85.10,114.10
79.70,54.30,116.00,110.50,110.80,52.40,86.40,113.30
79.00,54.20,115.60,110.30,110.40,52.60,85.90,113.50
81.10,55.10,117.30,110.80,112.10,52.50,87.40,113.70
81.40,53.90,117.60,110.30,112.30,51.50,88.20,112.40
81.40,53.70,117.60,110.30,112.60,51.80,88.30,112.40
82.10,53.20,117.90,109.10,113.40,50.90,88.70,111.90
82.10,53.80,117.90,109.90,113.10,51.30,88.50,112.30
82.10,53.60,118.10,109.60,113.10,51.30,88.50,112.30
82.60,52.90,118.60,109.90,113.60,51.10,89.10,112.10
82.60,53.40,118.50,109.50,113.60,51.50,89.10,111.90
82.60,53.10,118.50,109.40,113.60,51.40,88.90,111.80
105.40,50.30,140.80,106.10,135.60,48.80,112.10,108.90
139.10,48.10,174.80,103.60,170.10,44.60,145.40,106.10
153.40,46.80,188.50,102.30,185.10,42.60,158.60,104.80
145.60,48.20,180.10,104.40,176.70,45.40,150.30,106.30
142.40,48.00,176.20,104.30,173.60,45.20,146.50,106.10
141.30,47.80,174.90,104.30,172.30,45.30,145.40,106.10
140.80,48.90,174.10,105.00,171.60,46.40,144.40,106.40
141.20,52.00,173.90,108.20,171.90,49.40,144.40,109.60
141.40,49.00,174.30,106.60,172.60,47.40,144.80,107.30
142.90,48.90,175.70,106.40,174.30,47.80,146.40,107.60
144.30,49.40,177.30,106.80,175.60,48.20,147.60,107.70
144.30,50.10,177.10,107.60,175.50,49.00,147.60,108.80
144.50,50.80,177.40,107.90,175.60,48.90,147.60,109.10
144.60,50.10,177.30,106.80,175.70,48.40,147.60,107.90
145.10,49.70,178.00,106.80,176.30,47.70,148.40,107.80
145.90,49.60,178.70,106.60,177.00,47.50,148.80,107.60
145.90,49.30,178.80,106.10,176.90,47.30,148.90,107.40
145.90,49.60,178.40,106.60,176.80,47.90,148.70,107.40
147.30,49.50,179.90,106.60,178.70,47.30,150.20,107.40
146.90,48.90,179.60,105.30,178.00,47.10,149.80,106.70
146.40,49.50,179.40,106.70,177.60,47.30,149.70,107.40
146.30,49.80,179.20,106.30,177.40,47.00,149.20,107.10
146.40,48.90,179.20,105.90,177.50,46.70,149.60,106.90
146.40,49.70,179.30,106.60,177.70,47.80,149.70,107.60
147.10,50.80,179.50,107.90,178.20,48.70,149.80,108.60
146.50,49.50,179.60,106.80,177.80,47.80,149.90,107.60
146.40,50.10,179.40,106.80,177.60,47.50,149.90,107.50
146.60,49.30,179.60,106.60,177.80,47.60,150.10,107.60
147.00,50.00,179.90,106.90,178.00,48.00,150.50,108.10
147.20,49.30,180.40,106.30,178.50,47.00,150.70,106.70
130.70,58.50,163.40,114.90,161.10,57.10,134.40,116.70
117.00,69.50,151.00,124.60,146.90,67.10,122.10,126.90
117.80,70.50,151.60,125.60,147.60,68.40,122.60,127.20
115.90,69.90,150.00,125.90,145.80,67.90,120.90,127.70
115.90,68.40,149.50,123.80,145.60,66.30,120.60,125.80
115.50,67.40,149.30,122.60,145.50,65.80,120.30,124.30
115.80,67.90,149.90,122.40,145.80,66.00,120.80,125.30
116.00,67.90,150.10,124.40,146.10,66.40,121.10,125.80
117.20,68.40,151.50,123.40,147.10,65.70,122.20,125.60
117.50,68.50,151.70,123.50,147.30,65.60,122.50,125.80
117.20,68.60,151.60,123.50,147.10,65.50,122.20,125.60
118.00,67.90,152.50,122.80,148.30,65.30,123.50,125.10
118.10,67.50,152.30,122.40,148.10,64.90,123.40,124.30
116.40,67.40,150.60,122.90,146.60,65.90,121.40,125.10
114.60,68.80,148.60,124.10,144.70,66.90,119.40,125.90
113.90,68.80,147.60,124.60,144.30,67.30,118.50,126.20
112.80,69.60,146.60,125.60,142.80,68.30,117.60,127.50
112.30,69.80,146.40,125.50,142.40,67.50,117.40,127.40
113.10,69.70,147.10,124.50,143.10,67.90,117.60,127.00
113.40,69.20,147.40,124.20,143.40,67.00,118.40,126.90
113.80,68.80,147.60,124.30,144.10,67.10,118.60,126.80
114.00,69.20,147.90,124.80,144.20,68.00,118.80,126.90
114.80,68.80,148.60,123.90,144.70,66.90,119.40,126.10
115.10,68.50,149.10,124.10,145.40,66.80,120.20,126.10
115.60,68.40,149.60,123.60,145.80,66.10,120.50,125.90
115.90,68.80,149.90,123.90,146.10,67.10,120.80,126.10
116.40,68.80,150.40,124.40,146.60,67.30,121.10,126.20
115.20,69.00,149.30,125.10,145.40,67.40,120.10,127.30
114.90,68.90,149.10,124.80,145.10,67.10,119.80,126.80
115.30,69.10,149.40,124.70,145.60,67.70,120.30,126.90
115.40,68.90,149.40,124.40,145.60,67.30,120.40,126.30
115.50,68.80,149.50,123.80,145.50,67.10,120.40,126.20
